{
    "utterances": [
        {
            "text": "Hey Finder",
            "entities": [
                {
                    "entity": "weak_word:weak_word",
                    "start": 0,
                    "end": 10,
                    "body": "Hey Finder",
                    "entities": []
                }
            ],
            "traits": [],
            "intent": "weak_word"
        },
        {
            "text": "ey Mr.Finder",
            "entities": [
                {
                    "entity": "weak_word:weak_word",
                    "start": 0,
                    "end": 12,
                    "body": "ey Mr.Finder",
                    "entities": []
                }
            ],
            "traits": [],
            "intent": "weak_word"
        },
        {
            "text": "ey finder",
            "entities": [
                {
                    "entity": "weak_word:weak_word",
                    "start": 0,
                    "end": 9,
                    "body": "ey finder",
                    "entities": []
                }
            ],
            "traits": [],
            "intent": "weak_word"
        },
        {
            "text": "hey Mr.Finder",
            "entities": [
                {
                    "entity": "weak_word:weak_word",
                    "start": 0,
                    "end": 13,
                    "body": "hey Mr.Finder",
                    "entities": []
                }
            ],
            "traits": [],
            "intent": "weak_word"
        },
        {
            "text": "hey Mr.Founder",
            "entities": [
                {
                    "entity": "weak_word:weak_word",
                    "start": 0,
                    "end": 14,
                    "body": "hey Mr.Founder",
                    "entities": []
                }
            ],
            "traits": [],
            "intent": "weak_word"
        },
        {
            "text": "hi Founder",
            "entities": [
                {
                    "entity": "weak_word:weak_word",
                    "start": 0,
                    "end": 10,
                    "body": "hi Founder",
                    "entities": []
                }
            ],
            "traits": [],
            "intent": "weak_word"
        },
        {
            "text": "hi Mr.Finder",
            "entities": [
                {
                    "entity": "weak_word:weak_word",
                    "start": 0,
                    "end": 12,
                    "body": "hi Mr.Finder",
                    "entities": []
                }
            ],
            "traits": [],
            "intent": "weak_word"
        },
        {
            "text": "hi finder",
            "entities": [
                {
                    "entity": "weak_word:weak_word",
                    "start": 0,
                    "end": 9,
                    "body": "hi finder",
                    "entities": []
                }
            ],
            "traits": [],
            "intent": "weak_word"
        }
    ]
}
