{
    "name": "weak_word",
    "roles": [
        "weak_word"
    ],
    "lookups": [
        "free-text",
        "keywords"
    ],
    "keywords": [
        {
            "keyword": "Hey Finder",
            "synonyms": [
                "ey finder",
                "hey finder"
            ]
        },
        {
            "keyword": "hey Mr.Finder",
            "synonyms": [
                "ey mr.finder",
                "hey mr.finder"
            ]
        },
        {
            "keyword": "hey Mr.Founder",
            "synonyms": [
                "hey mr.founder"
            ]
        },
        {
            "keyword": "hi Founder",
            "synonyms": [
                "hi founder"
            ]
        },
        {
            "keyword": "hi Mr.Finder",
            "synonyms": [
                "hi mr.finder"
            ]
        },
        {
            "keyword": "hi finder",
            "synonyms": [
                "hi finder"
            ]
        }
    ]
}
